Artist,Venue,City,Country,Tour / Festival,Guests,Setlist?,Date,URL
A Tribe Called Quest,Queen Elizabeth Olympic Park,London,UK,Wireless Festival 2013,,No,2013/07/14,
A Tribe Called Quest,Governor's Island,New York City,USA,Rock the Bells 2010,"Busta Rhymes, Spliff Starr, Swizz Beats",No,2010/08/28,
A Tribe Called Quest,Canada Arrow Hall,Toronto,Canada,Rock the Bells 2008,"Q-Tip, Mos Def",No,2008/07/20,
A Tribe Called Red,Oslo,London,UK,,,No,2018/01/25,
A$AP Rocky,Queen Elizabeth Olympic Park,London,UK,Wireless Festival 2013,,Yes,2013/07/14,http://www.setlist.fm/setlist/outkast/2014/finsbury-park-london-england-23c1ec8b.html
Action Bronson,Victoria Park,London,UK,Lovebox Festival 2015,Mayhem Lauren,Yes,2015/07/17,http://www.setlist.fm/setlist/action-bronson/2015/victoria-park-london-england-5bf637c8.html
After School,City Hall Plaza,Seoul,South Korea,FIFA World Cup 2010,,No,2010/06/22,
Amadou & Mariam,Rough Trade East,London,UK,La Confusion,,Yes,2017/09/13,https://www.setlist.fm/setlist/amadou-and-mariam/2017/rough-trade-east-london-england-2be22c1a.html
Amadou & Mariam,Parc Jean-Drapeau,Montreal,Canada,Osheaga 2012,,No,2012/08/03,
Amadou & Mariam and The Blind Boys of Alabama,Barbican Center,London,UK,Bamako to Birmingham,,No,2019/07/13,
Arcade Fire,Hyde Park,London,UK,British Summer Time 2014,,Yes,2014/07/03,http://www.setlist.fm/setlist/arcade-fire/2014/hyde-park-london-england-3bc18058.html
Arcade Fire,The SSE Arena,London,UK,Everything Now,"Jarvis Cocker, Preservation Hall Jazz Band",Yes,2018/04/12,https://www.setlist.fm/setlist/arcade-fire/2018/the-sse-arena-wembley-london-england-53ec87cd.html
Arctic Monkeys,Bell Centre,Montreal,Canada,El Camino (The Black Keys),,Yes,2012/03/13,http://www.setlist.fm/setlist/arctic-monkeys/2012/centre-bell-montreal-qc-canada-73deced1.html
Arkells,Ivor Wynne Stadium ,Hamilton,Canada,Vanier Cup 2008,,No,2008/11/22,
Arkells,Trafalgar Square,London,UK,Canada Day 2013,,No,2013/07/01,
Arkells,The Islington,London,UK,High Noon,,Yes,2014/08/20,http://www.setlist.fm/setlist/arkells/2014/the-islington-london-england-5bf3ffc8.html
Arkells,The Wave,London,Canada,Michigan Left,,No,2011/10/15,
Arkells,Parc Jean-Drapeau,Montreal,Canada,Osheaga 2012,,Yes,2012/08/04,http://www.setlist.fm/setlist/arkells/2012/parc-jean-drapeau-montreal-qc-canada-5bdc1bb8.html
Astropolis 2010,Manoir de Kéroual,Brest,France,Astropolis 2010,,No,2010/07/30-31,
AWOLNATION,London Music Hall,London,Canada,Megalithic Symphony,,Yes,2011/12/16,
Axwell,Koolhaus,Toronto,Canada,,,No,2012/04/27,
B-Real,Deer Lake Park,Burnaby,Canada,Rock the Bells 2009,,No,2009/08/01,
Bachman-Turner Overdirve,Commonwealth Stadium ,Edmonton,Canada,Grey Cup 2010,,No,2010/11/28,
BADBADNOTGOOD,Roundhouse,London,UK,IV,,No,2017/11/14,
BADBADNOTGOOD & Ghostface Killah,Electric Ballroom,London,UK,Sour Soul,,No,2015/05/15,
Beirut,Parc Jean-Drapeau,Montreal,Canada,Osheaga 2011,,Yes,2011/07/31,http://www.setlist.fm/setlist/beirut/2011/parc-jean-drapeau-montreal-qc-canada-bd1198e.html
Benny Benassi,Guvernment,Toronto,Canada,,,No,2011/02/12,
Billy Joel,Hammersmith Apollo,London,UK,,,Yes,2013/11/05,http://www.setlist.fm/setlist/billy-joel/2013/eventim-apollo-london-england-bc4ad9a.html
Black Honey,Sebright Arms,London,UK,,,Yes,2015/10/20,http://www.setlist.fm/setlist/black-honey/2015/the-sebright-arms-london-england-63f5aa2b.html
Black Lips,Parc Jean-Drapeau,Montreal,Canada,Osheaga 2012,,Yes,2012/08/04,http://www.setlist.fm/setlist/black-lips/2012/parc-jean-drapeau-montreal-qc-canada-bdc15ca.html
Black Star,Troxy,London,UK,,,Yes,2017/10/20,https://www.setlist.fm/setlist/black-star/2017/troxy-london-england-13e329e9.html
Blitzen Trapper,The Lexington,London,UK,All Across This Land,,Yes,2016/02/08,http://www.setlist.fm/setlist/blitzen-trapper/2016/the-lexington-london-england-63f332eb.html
Blue Rodeo,LeBreton Flats,Ottawa,Canada,Ottawa Bluesfest 2007,,Yes,2007/07/12,http://www.setlist.fm/setlist/blue-rodeo/2007/le-breton-festival-park-ottawa-on-canada-2bd9d0a2.html
Bob Dylan,LeBreton Flats,Ottawa,Canada,Ottawa Bluesfest 2007,,Yes,2007/07/05,http://www.setlist.fm/setlist/bob-dylan/2007/le-breton-festival-park-ottawa-on-canada-4bd73f1e.html
Bon Iver,Hog's Back Park,Ottawa,Canada,Ottawa Folkfest 2012,,Yes,2012/09/10,http://www.setlist.fm/setlist/bon-iver/2012/hogs-back-park-ottawa-on-canada-23ddb0ab.html
Boot Camp Clik,Ritual Night Club,Ottawa,Canada,,,No,2011/09/27,
Born Ruffians,Call the Office,London,Canada,Say It,,No,2011/03/29,
Bran Van 3000,Parc Jean-Drapeau,Montreal,Canada,Osheaga 2011,,Yes,2011/07/29,http://www.setlist.fm/setlist/bran-van-3000/2011/parc-jean-drapeau-montreal-qc-canada-53d0a399.html
Broken Social Scene,Parc Jean-Drapeau,Montreal,Canada,Osheaga 2011,,Yes,2011/07/29,http://www.setlist.fm/setlist/broken-social-scene/2011/parc-jean-drapeau-montreal-qc-canada-13d0a1a9.html
Brother Ali,Governor's Island,New York City,USA,Rock the Bells 2010,,No,2010/08/28,
Brothers of North,The 360,Toronto,Canada,,,No,,
Bruce Springsteen & The E-Street Band,Wembley Stadium,London,UK,Wrecking Ball,,Yes,2013/06/15,http://www.setlist.fm/setlist/bruce-springsteen/2013/wembley-stadium-london-england-3d9cd0b.html
Buddy Guy,LeBreton Flats,Ottawa,Canada,Ottawa Bluesfest 2007,,No,2007/07/09,
BΔSTILLE,Emirates Stadium,London,UK,BΔSTILLE,,Yes,2013/05/25,http://www.setlist.fm/setlist/bastille/2013/emirates-stadium-london-england-13d9ad51.html
C2C,HMV Forum,London,UK,Tetra,,No,2013/06/20,
Chali 2na,Deer Lake Park,Burnaby,Canada,Rock the Bells 2009,,No,2009/08/01,
Chali 2na,LeBreton Flats,Ottawa,Canada,Ottawa Bluesfest 2012,,Yes,2012/07/10,http://www.setlist.fm/setlist/chali-2na/2012/le-breton-festival-park-ottawa-on-canada-63df4687.html
Charles Bradley & His Extraordinaires,LeBreton Flats,Ottawa,Canada,Ottawa Bluesfest 2015,,Yes,2015/07/09,http://www.setlist.fm/setlist/charles-bradley/2015/le-breton-festival-park-ottawa-on-canada-23f684d3.html
Cheap Trick,LeBreton Flats,Ottawa,Canada,Ottawa Bluesfest 2011,,Yes,2011/07/17,http://www.setlist.fm/setlist/cheap-trick/2011/le-breton-festival-park-ottawa-on-canada-73da62b9.html
Chromeo,Metropolis,Montreal,Canada,Business Casual,,No,2011/09/24,
Chromeo,L'Olympia,Montreal,Canada,Fancy Footwork,,No,2009/12/31,
Chromeo,Mount Currie,Pemberton,Canada,Pemberton Festival 2008,,No,2008/07/25,
Classified,Parc Jean-Drapeau,Montreal,Canada,Osheaga 2012,,Yes,2012/08/03,http://www.setlist.fm/setlist/classified/2012/parc-jean-drapeau-montreal-qc-canada-bdc15e6.html
Coldplay,Mount Currie,Pemberton,Canada,Pemberton Festival 2008,,Yes,2008/07/27,http://www.setlist.fm/setlist/coldplay/2008/pemberton-festival-pemberton-bc-canada-73d6cab1.html
Colorama,The Three Kings,London,UK,Good Music,,Yes,2014/03/21,http://www.setlist.fm/setlist/colorama/2014/the-three-kings-islington-england-73f3fe25.html
Common,Deer Lake Park,Burnaby,Canada,Rock the Bells 2009,,No,2009/08/01,
Common,Parc Jean-Drapeau,Montreal,Canada,Osheaga 2012,,No,2012/08/05,
Constantines,Scotiabank Place,Ottawa,Canada,World Container (The Tragically Hip), ,No,2007/02/02,
Corinne Bailey Rae,Hyde Park,London,UK,British Summer Time 2016,,No,2016/07/10,
CunninLynguists,The Garage,London,UK,,Schiesty Khrist,Yes,2015/07/27,http://www.setlist.fm/setlist/cunninlynguists/2015/the-garage-london-england-3f5e1a3.html
Cypress Hill,Victoria Park,London,UK,Lovebox Festival 2015,,Yes,2015/07/17,http://www.setlist.fm/setlist/cypress-hill/2015/victoria-park-london-england-4bf637ce.html
Cypress Hill,Gunnerbury Park,London,UK,Lovebox Festival 2019,,Yes,2019/07/12,https://www.setlist.fm/setlist/cypress-hill/2019/gunnersbury-park-london-england-5b9e8b00.html
Cypress Hill,Parc Jean-Drapeau,Montreal,Canada,Osheaga 2011,,Yes,2011/07/31,http://www.setlist.fm/setlist/cypress-hill/2011/parc-jean-drapeau-montreal-qc-canada-13d09941.html
De La Soul,O2 Shepherd's Bush Empire,London,UK,,,No,2014/05/01,
De La Soul,L'Olympia,Montreal,Canada,,,No,2009/08/22,
De La Soul,Canada Arrow Hall,Toronto,Canada,Rock the Bells 2008,,No,2008/07/20,
De La Soul,The SSE Arena,London,UK,Gods of Rap,,Yes,2019/05/10,https://www.setlist.fm/setlist/de-la-soul/2019/the-sse-arena-wembley-london-england-1b90e588.html
dead prez,XOYO,London,UK,,,Yes,2016/03/10,http://www.setlist.fm/setlist/dead-prez/2016/xoyo-london-england-13f0cd19.html
Death Cab For Cutie,Mount Currie,Pemberton,Canada,Pemberton Festival 2008,,Yes,2008/07/27,http://www.setlist.fm/setlist/death-cab-for-cutie/2008/pemberton-festival-pemberton-bc-canada-2bda3cc2.html
Death From Above 1979,Parc Jean-Drapeau,Montreal,Canada,Osheaga 2011,,Yes,2011/07/30,http://www.setlist.fm/setlist/death-from-above-1979/2011/parc-jean-drapeau-montreal-qc-canada-23d09c07.html
Del tha Funkee Homosapien,Babylon,Ottawa,Canada,,,No,2007/07/25,
Delhi 2 Dublin,Britannia Park,Ottawa,Canada,Ottawa Folkfest 2011,,No,2010/08/15,
Deltron 3030,LeBreton Flats,Ottawa,Canada,Ottawa Bluesfest 2012,,Yes,2012/07/10,http://www.setlist.fm/setlist/deltron-3030/2012/le-breton-festival-park-ottawa-on-canada-7bdf4684.html
Diplo,Heaven Nightclub,Ottawa,Canada,,,No,,
Dizzee Rascal,Emirates Stadium,London,UK,The 2nd Law (Muse),,Yes,2013/05/25,http://www.setlist.fm/setlist/dizzee-rascal/2013/emirates-stadium-london-england-3d9ad53.html
DJ Premier,The SSE Arena,London,UK,Gods of Rap,,No,2019/05/10,
DMC World Championships 2013,Indig02,London,UK,DMC World Championships 2013,,No,2013/10/05,
Elton John & His Band,Twickenham Stoop,London,UK,Wonderful Crazy Night,,Yes,2017/06/03,http://www.setlist.fm/setlist/elton-john/2017/twickenham-stoop-twickenham-england-43e70f7b.html
Elvis Costello & the Imposters,Parc Jean-Drapeau,Montreal,Canada,Osheaga 2011,,Yes,2011/07/30,http://www.setlist.fm/setlist/elvis-costello-and-the-imposters/2011/parc-jean-drapeau-montreal-qc-canada-33d09c05.html
Eminem,Parc Jean-Drapeau,Montreal,Canada,Osheaga 2011,"Royca Da 5'9""",Yes,2011/07/29,http://www.setlist.fm/setlist/eminem/2011/parc-jean-drapeau-montreal-qc-canada-3d0a1ab.html
Eric Clapton,Hyde Park,London,UK,British Summer Time 2018,"Carlos Santana, Paul Carrack",Yes,2018/07/08,https://www.setlist.fm/setlist/eric-clapton/2018/hyde-park-london-england-bea553a.html
First Rate People,Call the Office,London,Canada,,,No,2011/03/29,
FKJ,Gunnerbury Park,London,UK,Lovebox Festival 2019,,No,2019/07/12,
Fleetwood Mac,Air Canada Centre,Toronto,Canada,,,Yes,2009/03/26,http://www.setlist.fm/setlist/fleetwood-mac/2009/air-canada-centre-toronto-on-canada-5bd3cb7c.html
Flight Facilities,Victoria Park,London,UK,Lovebox Festival 2015,,No,2015/07/18,
Flume,Victoria Park,London,UK,Lovebox Festival 2015,,No,2015/07/18,
Foo Fighters,London Stadium,London,UK,Concrete and Gold,Alison Mosshart,Yes,2018/06/23,https://www.setlist.fm/setlist/foo-fighters/2018/london-stadium-london-england-63eac6ef.html
Franz Ferdinand,Parc Jean-Drapeau,Montreal,Canada,Osheaga 2012,,Yes,2012/08/03,http://www.setlist.fm/setlist/franz-ferdinand/2012/parc-jean-drapeau-montreal-qc-canada-3dce143.html
Freddie Gibbs,XOYO,London,UK,,,No,2014/08/31,
Future Islands,Hyde Park,London,UK,British Summer Time 2014,,Yes,2014/07/03,http://www.setlist.fm/setlist/future-islands/2014/hyde-park-london-england-23c1fc0b.html
Gary Clark Jr.,Hyde Park,London,UK,British Summer Time 2018,,Yes,2018/07/08,https://www.setlist.fm/setlist/gary-clark-jr/2018/hyde-park-london-england-3ea553f.html
Ghostface Killah,London Music Hall,London,Canada,,,No,2011/12/21,
Guy Gerber,Gunnerbury Park,London,UK,Lovebox Festival 2019,,No,2019/07/12,
GZA,Phoenix Concert Theatre,Toronto,Canada,,,No,2010/01/25,
Hollerado,The Hifi Club,Calgary,Canada,Sled Island Festival 2009,,No,2009/06/28,
Hollerado,Call the Office,London,Canada,Record in a Bag,,No,2008/09/25,
Hollerado,Call the Office,London,Canada,Record in a Bag,,No,2011/10/06,
Hollerado,Call the Office,London,Canada,Record in a Bag,,No,2012/02/15,
Hollerado,London Music Hall,London,Canada,Record in a Bag,,No,2011/04/02,
Hollerado,Hoxton Square,London,UK,White Paint,,No,2014/09/16,
Hollerado,St. Leonard Elementary School,Manotick,Canada,Manotick Arena Benefit Concert,,Yes,2015/12/20,http://www.setlist.fm/setlist/hollerado/2015/st-leonard-elementary-school-manotick-on-canada-23f21ce7.html
Hollerado,La Piazza Courtyard & Lounge,Manotick,Canada,Dickinson Days 2010,,No,2010/06/04,
Hollerado,La Salla Rossa,Montreal,Canada,M Pour Montreal 2011,,No,2011/11/18,
Hollerado,Live City Music Hall,Ottawa,Canada,Canada Day 2010,,No,2010/07/01,
Hollerado,Mooney's Bay Park,Ottawa,Canada,Ottawa Dragonboat Festival 2015,,Yes,2015/06/28,http://www.setlist.fm/setlist/hollerado/2015/mooneys-bay-park-ottawa-on-canada-3c9513f.html
Hollerado,Badaboum,Paris,France,White Paint,,No,2013/12/06,
Hollerado,Danforth Music Hall,Toronto,Canada,Retaliation Vacation / Final Tour,,Yes,2019/12/13,https://www.setlist.fm/setlist/hollerado/2019/danforth-music-hall-toronto-on-canada-6b9bbe5e.html
Hot Chip,Victoria Park,London,UK,Lovebox Festival 2015,,No,2015/07/18,
Ice Cube,Civic Center,Ottawa,Canada,,,No,2007/01/26,
Igloofest 2011,Quais Jacques-Cartier,Montreal,Canada,Igloofest 2011,,No,,
Ill Bill & DJ Muggs,Governor's Island,New York City,USA,Rock the Bells 2010,,No,2010/08/28,
Jake Bugg,Hyde Park,London,UK,British Summer Time 2014,,Yes,2014/07/03,http://www.setlist.fm/setlist/jake-bugg/2014/hyde-park-london-england-53c18735.html
Jay Electronica,Canada Arrow Hall,Toronto,Canada,Rock the Bells 2008,,No,2008/07/20,
Jay-Z,Mount Currie,Pemberton,Canada,Pemberton Festival 2008,,No,2008/07/27,
Jay-Z & Justin Timberlake,Queen Elizabeth Olympic Park,London,UK,Wireless Festival 2013,Rihanna,Yes,2013/07/14,http://www.setlist.fm/setlist/justin-timberlake-featuring-jay-z/2013/queen-elizabeth-olympic-park-london-england-bc6bd6e.html
Jedi Mind Tricks,Governor's Island,New York City,USA,Rock the Bells 2010,,No,2010/08/28,
Jim Cuddy,Britannia Park,Ottawa,Canada,Ottawa Folkfest 2011,,No,2010/08/15,
John Legend & The Roots,The National Mall,"Washington, DC",USA,The Rally to Restore Sanity/Fear,,Yes,2010/10/30,http://www.setlist.fm/setlist/the-roots/2010/national-mall-washington-dc-73d5769d.html
Jon Cleary & the Absolute Monster Gentlemen,Ronnie Scott's Jazz Club,London,UK,,,No,2015/08/22,
Jurassic 5,O2 Academy Brixton,London,UK,,,Yes,2013/06/13,http://www.setlist.fm/setlist/jurassic-5/2013/o2-academy-brixton-london-england-43d9d747.html
Justice,Parc Jean-Drapeau,Montreal,Canada,Osheaga 2012,,No,2012/08/03,
Kanye West,LeBreton Flats,Ottawa,Canada,Ottawa Bluesfest 2007,,No,2007/07/14,
Kaytranada,Gunnerbury Park,London,UK,Lovebox Festival 2019,,No,2019/07/12,
Kid Koala,LeBreton Flats,Ottawa,Canada,Ottawa Bluesfest 2007,,No,2007/07/06,
Kid Koala & Regine Chassigne,McGill Gymnasium,Montreal,Canada,Pop Vs. Jock 2011,,No,2011/09/24,
Kid Rock & Sheryl Crow,The National Mall,"Washington, DC",USA,The Rally to Restore Sanity/Fear,,Yes,2010/10/30,http://www.setlist.fm/setlist/the-roots/2010/national-mall-washington-dc-73d5769d.html
Kids in the School,Canada Arrow Hall,Toronto,Canada,Rock the Bells 2008,,No,2008/07/20,
Killah Priest,London Music Hall,London,Canada,,,No,2011/12/21,
King Khan & the Shrines,Scala,London,UK,Idle No More,,Yes,2014/04/24,http://www.setlist.fm/setlist/king-khan-and-the-shrines/2014/scala-london-england-1bc33dc0.html
Knife Party,Parc Jean-Drapeau,Montreal,Canada,Osheaga 2012,,No,2012/08/05,
LCD Soundsystem,L'Olympia,Montreal,Canada,,,Yes,2010/05/24,http://www.setlist.fm/setlist/lcd-soundsystem/2010/metropolis-montreal-qc-canada-43d4cb7f.html
Library Voices,Call the Office,London,Canada,,,No,2011/10/06,
Little Dragon,Victoria Park,London,UK,Lovebox Festival 2015,,No,2015/07/18,
Little Dragon,Parc Jean-Drapeau,Montreal,Canada,Osheaga 2012,,No,2012/08/05,
Lupe Fiasco,Parc Jean-Drapeau,Montreal,Canada,Osheaga 2011,,Yes,2011/07/30,http://www.setlist.fm/setlist/lupe-fiasco/2011/parc-jean-drapeau-montreal-qc-canada-1bd09dc4.html
Lupe Fiasco,LeBreton Flats,Ottawa,Canada,Ottawa Bluesfest 2011,,No,2011/07/17,
Madeon,Parc Jean-Drapeau,Montreal,Canada,Osheaga 2012,,No,2012/08/05,
Malajube,The Hifi Club,Calgary,Canada,Sled Island Festival 2009,,No,2009/06/28,
Malajube,Parc Jean-Drapeau,Montreal,Canada,Osheaga 2011,,No,2011/07/31,
Malajube,LiveCity Yaletown,Vancouver,Canada,Winter Olympics 2010,,No,2010/02/15,
Manu Chao,LeBreton Flats,Ottawa,Canada,Ottawa Bluesfest 2007,,No,2007/07/07,
Matisyahu,LiveCity Yaletown,Vancouver,Canada,Winter Olympics 2010,,No,2010/02/15,
Method Man & Redman,Indig02,London,UK,,Streetlife,Yes,2014/07/20,http://www.setlist.fm/setlist/method-man-and-redman/2014/indigo2-london-england-33c10085.html
Method Man & Redman,Canada Arrow Hall,Toronto,Canada,Rock the Bells 2008,Streetlife,No,2008/07/20,
Metric,LeBreton Flats,Ottawa,Canada,Ottawa Bluesfest 2006,,No,2006/07/14,
Metronomy,Mangle Nightclub,London,UK,,*DJ Set,No,2016/08/25,
Metronomy,L'Olympia,Montreal,Canada,,,No,2012/04/01,
Micheal Franti & Spearhead,LeBreton Flats,Ottawa,Canada,Ottawa Bluesfest 2007,,No,2007/07/07,
Molotov Jukebox,Electric Brixton,London,UK,Boomtown 2015,,No,2015/03/21,
Molotov Jukebox,Oslo,London,UK,,,Yes,2016/12/02,http://www.setlist.fm/setlist/molotov-jukebox/2016/oslo-london-england-6be4da1a.html
Mos Def,Canada Arrow Hall,Toronto,Canada,Rock the Bells 2008,,No,2008/07/20,
Ms. Lauryn Hill,Governor's Island,New York City,USA,Rock the Bells 2010,,No,2010/08/28,
MSTRKRFT,Up on Carling,London,Canada,,,No,,
MSTRKRFT,Mansion Nightclub,London,Canada,,,No,,
MSTRKRFT,Mount Currie,Pemberton,Canada,Pemberton Festival 2008,,No,2008/07/26,
Murs,Canada Arrow Hall,Toronto,Canada,Rock the Bells 2008,,No,2008/07/20,
Muse,Emirates Stadium,London,UK,,,Yes,2013/05/25,http://www.setlist.fm/setlist/muse/2013/emirates-stadium-london-england-13d9ad59.html
N*E*R*D,Mount Currie,Pemberton,Canada,Pemberton Festival 2008,,No,2008/07/27,
Nas,Queen Elizabeth Olympic Park,London,UK,Wireless Festival 2013,,Yes,2013/07/14,http://www.setlist.fm/setlist/nas/2013/queen-elizabeth-olympic-park-london-england-6bc6be56.html
Nas,Canada Arrow Hall,Toronto,Canada,Rock the Bells 2008,,No,2008/07/20,
Nas & Damian Marley,Deer Lake Park,Burnaby,Canada,Rock the Bells 2009,,No,2009/08/01,
No Brain,City Hall Plaza,Seoul,South Korea,FIFA World Cup 2010,,No,2010/06/22,
Norah Jones,LeBreton Flats,Ottawa,Canada,Ottawa Bluesfest 2012,,Yes,2012/07/08,http://www.setlist.fm/setlist/norah-jones/2012/le-breton-festival-park-ottawa-on-canada-13df4d89.html
ODESZA,O2 Academy Brixton,London,UK,A Moment Apart,,Yes,2019/01/24,https://www.setlist.fm/setlist/odesza/2019/o2-academy-brixton-london-england-63959a43.html
of Montreal,Oval Space,London,UK,Lousy with Sylvianbriar,,Yes,2014/02/20,http://www.setlist.fm/setlist/of-montreal/2014/oval-space-london-england-23c55c13.html
OutKast,Finsbury Park,London,UK,Wireless Festival 2014,,Yes,2014/07/06,http://www.setlist.fm/setlist/outkast/2014/finsbury-park-london-england-23c1ec8b.html
Paul McCartney,The O2,London,UK,,Dave Grohl,Yes,2015/05/23,http://www.setlist.fm/setlist/paul-mccartney/2015/the-o2-arena-london-england-73c84ad9.html
People Under The Stairs,XOYO,London,UK,,,No,2012/09/25,
Pete Rock & CL Smooth,Jazz Café,London,UK,,,No,2012/11/13,
Pharrell,Hyde Park,London,UK,British Summer Time 2016,,No,2016/07/10,
Pixies,O2 Academy Brixton,London,UK,,,Yes,2016/12/06,http://www.setlist.fm/setlist/pixies/2016/o2-academy-brixton-london-england-4bfbfb66.html
Portugal. The Man,Parc Jean-Drapeau,Montreal,Canada,Osheaga 2012,,Yes,2012/08/04,http://www.setlist.fm/setlist/portugal-the-man/2012/parc-jean-drapeau-montreal-qc-canada-53dc1bc5.html
Preservation Hall Jazz Band,The SSE Arena,London,UK,Everything Now (Arcade Fire),,No,2018/04/12,
Public Enemy,The SSE Arena,London,UK,Gods of Rap,,Yes,2019/05/10,https://www.setlist.fm/setlist/public-enemy/2019/the-sse-arena-wembley-london-england-1390e589.html
Queens of the Stone Age,The SSE Arena,London,UK,…Like Clockwork,,Yes,2013/11/22,http://www.setlist.fm/setlist/queens-of-the-stone-age/2013/wembley-arena-london-england-33c4d46d.html
R. A. the Rugged Man,Jazz Café,London,UK,,"A.F.R.O., Mr. Green",Yes,2015/12/05,http://www.setlist.fm/setlist/ra-the-rugged-man/2015/jazz-cafe-london-england-43f2eb0f.html
Raekwon,London Music Hall,London,Canada,,,No,2012/01/22,
Rakim,Canada Arrow Hall,Toronto,Canada,Rock the Bells 2008,,No,2008/07/20,
Ratatat,Parc Jean-Drapeau,Montreal,Canada,Osheaga 2011,,Yes,2011/07/30,http://www.setlist.fm/setlist/ratatat/2011/parc-jean-drapeau-montreal-qc-canada-63d0a2b3.html
Red Hot Chili Peppers,Bell Centre,Montreal,Canada,Stadium Arcadium,,Yes,2006/09/28,http://www.setlist.fm/setlist/red-hot-chili-peppers/2006/centre-bell-montreal-qc-canada-43d6a3a7.html
Reflection Eternal,Deer Lake Park,Burnaby,Canada,Rock the Bells 2009,,No,2009/08/01,
Rizzle Kicks,Queen Elizabeth Olympic Park,London,UK,Wireless Festival 2013,,No,2013/07/14,
Rudimental,Victoria Park,London,UK,Lovebox Festival 2015,,No,2015/07/17,
RZA,Deer Lake Park,Burnaby,Canada,Rock the Bells 2009,"Boy Jones, Streetlife",No,2009/08/01,
Sam Roberts,Parc Jean-Drapeau,Montreal,Canada,Osheaga 2011,,Yes,2011/07/30,http://www.setlist.fm/setlist/sam-roberts-band/2011/parc-jean-drapeau-montreal-qc-canada-13d09d31.html
Sam Roberts,LeBreton Flats,Ottawa,Canada,Ottawa Bluesfest 2007,,No,2007/07/15,
Sam Roberts,Mount Currie,Pemberton,Canada,Pemberton Festival 2008,,No,2008/07/26,
Santana,Hyde Park,London,UK,British Summer Time 2018,,Yes,2018/07/08,https://www.setlist.fm/setlist/santana/2018/hyde-park-london-england-13ea5539.html
Santigold,Parc Jean-Drapeau,Montreal,Canada,Osheaga 2012,,Yes,2012/08/04,http://www.setlist.fm/setlist/santigold/2012/parc-jean-drapeau-montreal-qc-canada-bdcd54a.html
SBTRKT,Parc Jean-Drapeau,Montreal,Canada,Osheaga 2012,,No,2012/08/05,
Seal,LeBreton Flats,Ottawa,Canada,Ottawa Bluesfest 2012,,Yes,2012/07/08,http://www.setlist.fm/setlist/seal/2012/le-breton-festival-park-ottawa-on-canada-3df4d8f.html
Shad,London Music Hall,London,Canada,,,No,2011/04/07,
Shad,Major's Hill Park,Ottawa,Canada,Canada Day 2015,,Yes,2015/07/01,http://www.setlist.fm/setlist/shad/2015/majors-hill-park-ottawa-on-canada-1bf6adf0.html
Sheek Louch,London Music Hall,London,Canada,,,No,2011/12/21,
Shigeto,Oval Space,London,UK,,,No,2016/02/11,
Sigur Ros,Parc Jean-Drapeau,Montreal,Canada,Osheaga 2012,,Yes,2012/08/03,http://www.setlist.fm/setlist/sigur-ros/2012/parc-jean-drapeau-montreal-qc-canada-6bdce2ee.html
Slaughterhouse,Deer Lake Park,Burnaby,Canada,Rock the Bells 2009,,No,2009/08/01,
Slaves,London Stadium,London,UK,,,Yes,2018/07/23,https://www.setlist.fm/setlist/slaves/2018/london-stadium-london-england-73eac6cd.html
Slum Village,Deer Lake Park,Burnaby,Canada,Rock the Bells 2009,,No,2009/08/01,
Slum Village,Jazz Café,London,UK,,,No,2016/08/26,
Snoop Dogg,Victoria Park,London,UK,Lovebox Festival 2015,,Yes,2015/07/18,http://www.setlist.fm/setlist/snoop-dogg/2015/victoria-park-london-england-13f6c1a1.html
Snoop Dogg,Civic Center,Ottawa,Canada,,,No,2007/01/26,
Solomun,Gunnerbury Park,London,UK,Lovebox Festival 2019,,No,2019/07/12,
Songhoy Blues,Somerset House,London,UK,Summer Series at Somerset House 2017,,Yes,2017/07/16,https://www.setlist.fm/setlist/songhoy-blues/2017/somerset-house-london-england-73e5b65d.html
Sound City Players,HMV Forum,London,UK,,,Yes,2013/02/19,http://www.setlist.fm/setlist/sound-city-players/2013/the-forum-london-england-bdb2d8e.html
Soundgarden,LeBreton Flats,Ottawa,Canada,Ottawa Bluesfest 2011,,Yes,2011/07/05,http://www.setlist.fm/setlist/soundgarden/2011/le-breton-festival-park-ottawa-on-canada-3bd36050.html
Starcrawler,London Stadium,London,UK,,,No,2018/07/23,
Steve Miller Band,LeBreton Flats,Ottawa,Canada,Ottawa Bluesfest 2007,,Yes,2007/07/11,http://www.setlist.fm/setlist/steve-miller-band/2007/le-breton-festival-park-ottawa-on-canada-23d9d0c3.html
Steve Winwood,Hyde Park,London,UK,British Summer Time 2018,,Yes,2018/07/08,https://www.setlist.fm/setlist/steve-winwood/2018/hyde-park-london-england-1bea5538.html
Stevie Nicks,Hyde Park,London,UK,British Summer Time 2017,,Yes,2017/07/09,https://www.setlist.fm/setlist/stevie-nicks/2017/hyde-park-london-england-4be407d2.html
Stevie Wonder,Hyde Park,London,UK,British Summer Time 2016,,Yes,2016/07/10,http://www.setlist.fm/setlist/stevie-wonder/2016/hyde-park-london-england-63ffda37.html
Supernatural,Deer Lake Park,Burnaby,Canada,Rock the Bells 2009,B-Real,No,2009/08/01,
Supernatural,Canada Arrow Hall,Toronto,Canada,Rock the Bells 2008,DJ Scratch,No,2008/07/20,
Tanya Tagaq,Trafalgar Square,London,UK,Canada Day 2017,,No,2017/07/01,
The Black Keys,John Labatt Centre,London,Canada,,,Yes,2011/07/12,http://www.setlist.fm/setlist/the-black-keys/2011/john-labatt-centre-london-on-canada-43d34f33.html
The Black Keys,Bell Centre,Montreal,Canada,,,Yes,2012/03/13,http://www.setlist.fm/setlist/the-black-keys/2012/centre-bell-montreal-qc-canada-6bdeced2.html
The Bloody Beetroots,Telus Theatre,Montreal,Canada,,,No,2009/10/31,
The Cool Kids,Canada Arrow Hall,Toronto,Canada,Rock the Bells 2008,,No,2008/07/20,
The Flaming Lips,Parc Jean-Drapeau,Montreal,Canada,Osheaga 2011,,Yes,2011/07/31,http://www.setlist.fm/setlist/the-flaming-lips/2011/parc-jean-drapeau-montreal-qc-canada-33d09865.html
The Flaming Lips,LeBreton Flats,Ottawa,Canada,Ottawa Bluesfest 2011,,Yes,2011/07/05,http://www.setlist.fm/setlist/the-flaming-lips/2011/le-breton-festival-park-ottawa-on-canada-4bde8742.html
The Flaming Lips,Mount Currie,Pemberton,Canada,Pemberton Festival 2008,,Yes,2008/07/26,http://www.setlist.fm/setlist/the-flaming-lips/2008/pemberton-festival-pemberton-bc-canada-7bd40674.html
The Kills,London Stadium,London,UK,,,Yes,2018/07/23,https://www.setlist.fm/setlist/the-kills/2018/london-stadium-london-england-73eac6d5.html
The Lumineers,Hyde Park,London,UK,British Summer Time 2017,,Yes,2017/07/09,https://www.setlist.fm/setlist/the-lumineers/2017/hyde-park-london-england-73e40671.html
The Mars Volta,Bell Centre,Montreal,Canada,,,Yes,2006/09/28,http://www.setlist.fm/setlist/the-mars-volta/2006/centre-bell-montreal-qc-canada-23d5b0b7.html
The Pack A.D.,The Garage,London,UK,,,Yes,2014/05/07,http://www.setlist.fm/setlist/the-pack-ad/2014/the-garage-london-england-1bf5dd44.html
The Pharcyde,Under the Bridge,London,UK,,,No,2014/04/12,
The Pharcyde,KOKO,London,UK,,,No,2013/09/25,
The Pharcyde,Canada Arrow Hall,Toronto,Canada,Rock the Bells 2008,,No,2008/07/20,
The Roots,L'Olympia,Montreal,Canada,Montreal Jazzfest 2011,,Yes,2011/07/02,http://www.setlist.fm/setlist/the-roots/2011/metropolis-montreal-qc-canada-4bd36f26.html
The Sheepdogs,Trafalgar Square,London,UK,Canada Day 2013,,No,2013/07/01,
The Sheepdogs,The 100 Club,London,UK,,,Yes,2013/04/09,http://www.setlist.fm/setlist/the-sheepdogs/2013/100-club-london-england-73f3fe1d.html
The Sheepdogs,Oslo,London,UK,,,Yes,2015/11/17,http://www.setlist.fm/setlist/the-sheepdogs/2015/oslo-london-england-2bf2bc42.html
The Sheepdogs,Parc Jean-Drapeau,Montreal,Canada,Osheaga 2012,,Yes,2012/08/04,http://www.setlist.fm/setlist/the-sheepdogs/2012/parc-jean-drapeau-montreal-qc-canada-2bdcd052.html
The Shins,Parc Jean-Drapeau,Montreal,Canada,Osheaga 2012,,Yes,2012/08/05,http://www.setlist.fm/setlist/the-shins/2012/parc-jean-drapeau-montreal-qc-canada-3dcd54b.html
The Tragically Hip,Trafalgar Square,London,UK,Canada Day 2013,,Yes,2013/07/01,http://www.setlist.fm/setlist/the-tragically-hip/2013/trafalgar-square-london-england-3d901c7.html
The Tragically Hip,Parc Jean-Drapeau,Montreal,Canada,Osheaga 2011,,Yes,2011/07/31,http://www.setlist.fm/setlist/the-tragically-hip/2011/parc-jean-drapeau-montreal-qc-canada-1bd099fc.html
The Tragically Hip,Scotiabank Place,Ottawa,Canada,,,Yes,2007/02/02,http://www.setlist.fm/setlist/the-tragically-hip/2007/scotiabank-place-ottawa-on-canada-73d126a1.html
The White Stripes,LeBreton Flats,Ottawa,Canada,Ottawa Bluesfest 2007,,Yes,2007/07/08,http://www.setlist.fm/setlist/the-white-stripes/2007/le-breton-festival-park-ottawa-on-canada-13d60d09.html
Tiga,Manoir de Kéroual,Brest,France,,,No,2010/07/31,
Tinariwen,Village Underground,London,UK,,,No,2014/03/07,
TNGHT,Parc Jean-Drapeau,Montreal,Canada,Piknik Elektronik 2012,,No,,
Tokyo Police Club,London Music Hall,London,Canada,,,Yes,2011/04/02,http://www.setlist.fm/setlist/tokyo-police-club/2011/london-music-hall-london-on-canada-bd245fe.html
Tom Petty & The Heartbreakers,Hyde Park,London,UK,British Summer Time 2017,,Yes,2017/07/09,https://www.setlist.fm/setlist/tom-petty-and-the-heartbreakers/2017/hyde-park-london-england-5be407f4.html
Tom Petty & The Heartbreakers,Mount Currie,Pemberton,Canada,Pemberton Festival 2008,,No,2008/07/26,
Van Morrison,LeBreton Flats,Ottawa,Canada,Ottawa Bluesfest 2007,,No,2007/07/04,
Wild Beasts,Hyde Park,London,UK,British Summer Time 2014,,Yes,2014/07/03,http://www.setlist.fm/setlist/jake-bugg/2014/hyde-park-london-england-53c18735.html
Wolf Alice,The Hippodrome,London,UK,Visions of a Life,,Yes,2017/11/23,https://www.setlist.fm/setlist/wolf-alice/2017/the-hippodrome-kingston-upon-thames-england-2be0c83e.html
Wolfgang Gartner,Parc Jean-Drapeau,Montreal,Canada,Osheaga 2012,,No,2012/08/05,
Wu-Tang Clan,O2 Academy Brixton,London,UK,,Streetlife,Yes,2015/06/04,http://www.setlist.fm/setlist/wutang-clan/2015/o2-academy-brixton-london-england-7bc9f280.html
Wu-Tang Clan,Governor's Island,New York City,USA,Rock the Bells 2010,Boy Jones,No,2010/08/28,
Wu-Tang Clan,The SSE Arena,London,UK,Gods of Rap,Boy Jones,Yes,2019/05/10,https://www.setlist.fm/setlist/wutang-clan/2019/the-sse-arena-wembley-london-england-b90e58a.html
Wyclef Jean,LeBreton Flats,Ottawa,Canada,Ottawa Bluesfest 2008,Akon,No,2008/07/12,
"Yusuf Islam, Ozzy Osbourne & The O-Jays",The National Mall,"Washington, DC",USA,The Rally to Restore Sanity/Fear,,Yes,2010/10/30,http://www.setlist.fm/setlist/the-roots/2010/national-mall-washington-dc-73d5769d.html
Zeds Dead,London Music Hall,London,Canada,,,No,,
Zeds Dead,Parc Jean-Drapeau,Montreal,Canada,Osheaga 2012,,No,2012/08/03,
Zeus,LeBreton Flats,Ottawa,Canada,Ottawa Bluesfest 2012,,No,2012/07/10,